Vehicle_ID,Risk_Score
motorcycle_motorcycle_1741017011.558746,1.0881057268722467
