Vehicle_ID,Risk_Score
motorcycle_motorcycle_1741017011.558746,1.0176211453744493
