Vehicle_ID,Risk_Score
veh_passenger_1740853682.4176657,1.3494525547445255
